MOV Taxes,Austria,Austria Standard,20
MOV Taxes,Belgium,Belgium Standard,21
MOV Taxes,Bulgaria,Bulgaria Standard,20
MOV Taxes,Czech Republic,Czech Republic Standard,21
MOV Taxes,Denmark,Denmark Standard,25
MOV Taxes,France,France Standard,20
MOV Taxes,Germany,Germany Standard,19
MOV Taxes,Hungary,Hungary Standard,27
MOV Taxes,Italy,Italy Standard,22
MOV Taxes,Luxembourg,Luxembourg Standard,17
MOV Taxes,Netherlands,Netherlands Standard,21
MOV Taxes,Poland,Poland Standard,23
MOV Taxes,Romania,Romania Standard,20
MOV Taxes,Slovakia,Slovakia Standard,20
MOV Taxes,Slovenia,Slovenia Standard,22
